店名,评论,人均消费,总分数
 乐山鲜知味钵钵鸡(草堂北路店) ,16528,41,10.0
 喜茶(IFS黑金店) ,11643,23,10.0
 嘉州叶婆婆钵钵鸡(人民南路总店) ,9757,56,9.7
 陶德砂锅(蜀汉路店) ,16918,63,9.7
 兰正韩·韩国料理(春熙路店) ,9630,63,9.7
 味之绝美蛙鱼火锅(科华总店) ,12390,60,9.7
 成都吃客(奎星楼店) ,17025,51,9.7
 陶德砂锅(营门口店) ,10570,61,9.7
 嘉州叶婆婆钵钵鸡(太古里店) ,24696,57,9.7
 曼奈·肉桂厨房(宽窄巷子店) ,10443,70,9.4
 冒椒火辣(奎星楼街店) ,24026,70,9.4
 回水镇江湖川菜(太古里店) ,9677,73,9.4
 冒椒火辣(太古里店) ,11167,72,9.4
 牛水煮·牛肉水煮·川小馆(天府三街旗舰店) ,10383,64,9.4
 明婷饭店(外曹家巷店) ,17907,73,9.4
 皇城熙客?巴蜀大牌档(太古里店) ,7508,35,9.3
 宫廷糕点铺 ,7989,33,9.3
 WONDER ICE 萬得冰田(建設店) ,7697,41,9.3
 LELECHA乐乐茶(IFS国际金融中心店) ,8469,26,9.3
 饕林餐厅(太古里东升店) ,15149,75,9.1
 陈麻婆豆腐(旗舰店) ,16490,74,9.1
 赞酱川式烤肉(蜀都万达直营店) ,13256,77,9.1
 饕林餐厅(奎星楼店) ,10999,75,9.1
 凉山好汉自助西昌烧烤(太古里店) ,12023,75,9.1
 谢彬肥肠鸡(春熙路店) ,12232,75,9.1
 张烤鸭·川菜·非遗冒烤鸭(青石桥店) ,10824,74,9.1
 饕林餐厅(武侯祠店) ,13025,75,9.1
 和幸(春熙路群光广场店) ,13423,82,9.1
 味之绝美蛙鱼火锅(华阳二店) ,12303,74,9.1
 饕林餐厅(春熙路店) ,26774,75,9.1
 钢管厂五区小郡肝串串香(新华公园总店) ,8150,49,9.0
 乐山胖哥跷脚牛肉(东风路总店) ,7252,61,9.0
 黑竹香鸡(营和巷店) ,9241,61,9.0
 石灰石烧鸡公(太古里店) ,7888,61,9.0
 嗨岛兔·烤兔兔头四川特产(总店) ,8400,53,9.0
 乐山王屠夫跷脚牛肉(安公路总店) ,8301,58,9.0
 陶德砂锅(双楠店) ,8467,62,9.0
 烤匠麻辣烤鱼(万象城店) ,10740,92,8.8
 月满大江千层肚火锅(武侯祠店) ,14001,93,8.8
 重庆矮板凳老火锅(航空港店) ,19223,85,8.8
 鸡毛店·川菜(玉林店) ,9243,71,8.7
 坝坝老柴房·柴火鸡(西航港店) ,8254,69,8.7
 曼奈·肉桂厨房(光华店) ,9378,70,8.7
 张太婆老妈蹄花·川菜馆(太古里总店) ,9221,65,8.7
 巴蜀大宅门火锅(北门大桥店) ,8672,70,8.7
 永乐饭店 ,8778,65,8.7
 飞火令西昌自助烤肉(润扬双铁店) ,7480,66,8.7
 灶门坎烧烤·江湖大排档(太古里店) ,8594,66,8.7
 么哈(科华北路店) ,8079,66,8.7
 八二小区抄手(建中路店) ,6289,24,8.6
 钢一区伍妹烤鸭(牛市口店) ,5899,41,8.6
 奈雪的茶(国金IFS PRO店) ,5952,24,8.6
 MONDOLI ,6189,43,8.6
 全福居老北京涮羊肉(华阳店) ,10232,99,8.5
 蜀大侠火锅(春熙店) ,16556,103,8.5
 谭鸭血老火锅(太古里店) ,17704,102,8.5
 巴蜀大将火锅(武侯祠店) ,10568,97,8.5
 烤匠麻辣烤鱼(IFS店) ,23725,103,8.5
 烤匠麻辣烤鱼(春熙路群光广场店) ,15435,96,8.5
 五里关火锅(小关庙店) ,17449,103,8.5
 大龙燚火锅HOYO店(太古里店) ,14053,100,8.5
 巴蜀大将火锅(春熙店) ,12650,95,8.5
 天府掌柜(九眼桥店) ,10650,103,8.5
 蜀大侠火锅(西玉龙店) ,13882,99,8.5
 盘飧市(春熙路店) ,8982,78,8.4
 冒椒火辣(玉林店) ,7647,74,8.4
 将军府壹号·鸡毛店(人民公园店) ,8865,76,8.4
 龙翔山庄雷鸡肉(青城山店) ,8830,83,8.4
 凉山好汉自助西昌烧烤(高新店) ,9010,77,8.4
 柳飘飘亚洲烤肉集合店(温江店) ,7695,83,8.4
 渝九香(武侯祠店) ,6739,58,8.299999999999999
 The bon House李本家(玉林生活广场店) ,6276,63,8.299999999999999
 小微家·小吃串串集合店 ,6211,55,8.299999999999999
 抿一嘴二孃鸡爪爪(奎星楼店) ,5939,49,8.299999999999999
 俭让佬妈现卤串串(温江总店) ,5798,57,8.299999999999999
 五里关火锅(五里墩店) ,13169,105,8.2
 川西坝子火锅(清江东路3.0直营店) ,15785,115,8.2
 龙山烧肉(万象城店) ,9989,106,8.2
 川西坝子火锅(金沙1.0直营店) ,10055,117,8.2
 蓉记香辣蟹爬爬虾(宽窄巷子店) ,12404,119,8.2
 蜀大侠火锅(总府路店) ,11728,109,8.2
 卢记正街饭店·川湘菜 ,11438,104,8.2
 盡膳口福跷脚牛肉火锅(科华北路店) ,10134,108,8.2
 唐宫小聚·港式点心(太古里水璟唐店) ,9632,119,8.2
 小龙坎火锅(春熙太古里店) ,13969,104,8.2
 小龙坎火锅(全球旗舰店) ,17094,105,8.2
 烤匠麻辣烤鱼(龙湖西宸天街店) ,7288,90,8.1
 烤匠麻辣烤鱼(环球中心店) ,7216,88,8.1
 麻辣空间·清油火锅(武侯祠店) ,8287,85,8.1
 椰妹·椰子鸡火锅(武侯大悦城店) ,7656,89,8.1
 夹夹大·蟹蟹大排档(339店) ,8472,84,8.1
 乔一乔怪味餐厅(东升店) ,7841,88,8.1
 青城甲(青城山店) ,8916,91,8.1
 缘贡自贡菜·川菜馆(春熙路店) ,5729,67,8.0
 老黄记手撕烤兔(玉林街店) ,6339,71,8.0
 钢管厂歆瑞源油卤串串香(春熙路太古里店) ,6390,65,8.0
 赞酱川式烤肉(红光店) ,6299,69,8.0
 岳记兴隆·青城腊排铜火锅(创始店) ,5953,67,8.0
 画厨CAFE(川大店) ,6051,73,8.0
 鸡毛店·川菜(东郊记忆店) ,6456,70,8.0
 鸡毛店·川菜(李家沱店) ,7164,64,8.0
 蜀香麻麻鱼·芋儿鸡(都江堰店) ,5648,68,8.0
 集渔·泰式海鲜火锅(科华店) ,13375,127,7.9
 玛歌庄园火锅(五龙山店) ,9634,121,7.9
 柴门饭儿(成都太古里店) ,14293,129,7.9
 集渔·泰式海鲜火锅(建设店) ,10456,126,7.9
 集渔·泰式海鲜火锅(太古里晶融汇店) ,18803,133,7.9
 太食獸泰式茶餐厅(万象城店) ,11898,123,7.9
 马旺子(太古里店) ,24171,140,7.9
 吼堂老火锅(太古里总店) ,21948,125,7.9
 苏坦中东料理·清真·西餐(太古里店) ,10533,123,7.9
 姜虎东白丁烤肉(ifs国际金融店) ,12094,132,7.9
 Wehouse维豪斯西餐(银泰中心in99店) ,15622,139,7.9
 obibi蜀色茶颜(奎星楼店) ,5142,18,7.8999999999999995
 正反面(总店) ,5165,26,7.8999999999999995
 THE SENSE醒食(九眼桥店) ,5425,40,7.8999999999999995
 大龙燚火锅(玉林总店) ,7342,98,7.8
 袁老四老火锅(东大街店) ,9510,96,7.8
 甜叔叔西餐厅 ,7167,94,7.8
 巴蜀大将火锅(ifs概念店) ,9450,95,7.8
 汉巴味德(大悦城店) ,9404,98,7.8
 天星正源火锅(地勘路店) ,8409,102,7.8
 蜀大侠火锅(天府三街店) ,8573,96,7.8
 马路边边串串香(致民路店) ,6775,75,7.699999999999999
 巴蜀大宅门火锅(清江东路店) ,5664,75,7.699999999999999
 滨寿司(春熙路店) ,6632,81,7.699999999999999
 马路边边串串香(玉林店) ,6343,75,7.699999999999999
 小饕荟雅安贡椒鱼鲜馆(广福桥店) ,6962,83,7.699999999999999
 马路边边串串香(盐市口店) ,6255,75,7.699999999999999
 味之绝美蛙鱼火锅(太古里店) ,6586,76,7.699999999999999
 蜜桃家甜点生日蛋糕(太古里店) ,6121,83,7.699999999999999
 孔干饭(清江东路店) ,4756,58,7.6
 赤宴(玉林店) ,5024,62,7.6
 無早咖啡 ,5554,58,7.6
 叼嘴撸串(玉林总店) ,5258,63,7.6
 叼嘴撸串(玉林总店) ,5259,63,7.6
 孔干饭(红星路店) ,5122,60,7.6
 小龙翻大江文化火锅(太古里店) ,11217,163,7.6
 小龙翻大江文化火锅(宽窄店) ,16228,160,7.6
 川渝味腊排铜锅家常菜(街子古镇店) ,4554,54,7.6
 川西坝子火锅(羊犀2.0直营店) ,8456,112,7.5
 俏媳妇火锅(宽窄巷子店) ,7716,108,7.5
 丁海记粤式大排档(春熙店) ,7988,109,7.5
 海底捞火锅(春熙路群光广场店) ,7710,113,7.5
 川西坝子火锅(华阳2.0直营店) ,9449,114,7.5
 老码头火锅(春熙店) ,9104,113,7.5
 竹涟烧肉(太古里店) ,8593,112,7.5
 生如夏花泰式火锅(西村欢聚店) ,9474,119,7.5
 原乡漫生活咖啡牛排馆(海棠湾店) ,7994,108,7.5
 钦善斋·养生膳食(武侯祠店) ,9260,105,7.5
 额尔敦必福牛匠(冻青树总店) ,7238,113,7.5
 如在蜀毛肚火锅(春熙路店) ,7128,90,7.3999999999999995
 大彤集老火锅 ,7001,87,7.3999999999999995
 红杏酒家(锦华店) ,6697,84,7.3999999999999995
 如在蜀毛肚火锅(玉林店) ,6454,87,7.3999999999999995
 大龙燚火锅(科华店) ,6161,91,7.3999999999999995
 四千高原·云南菜(武侯店) ,6774,85,7.3999999999999995
 禄合門美蛙火锅(太古里店) ,6187,88,7.3999999999999995
 烤匠麻辣烤鱼(仁和新城店) ,6114,93,7.3999999999999995
 Mr·Fish鱼鲜生海鲜放题(银泰in99店) ,10768,384,7.3
 雍容荟帝王蟹波龙海鲜盛宴(苏宁奥莱店) ,10183,467,7.3
 屋头串串(贝森店) ,5252,72,7.299999999999999
 蓉和妈妈菜·芙蓉花开(高新店) ,5187,69,7.299999999999999
 岐余食堂(总店) ,5139,69,7.299999999999999
 Ginko银子 ,4728,64,7.299999999999999
 泼辣芋儿鸡(玉林店) ,4690,67,7.299999999999999
 川传串传承四川地道串串香(宽窄巷子总店) ,5172,72,7.299999999999999
 匠岳·王宝器麻椒鱼(全国总店) ,4876,69,7.299999999999999
 陈麻婆豆腐(金沙店) ,4752,68,7.299999999999999
 鸡毛店·川菜(双楠店) ,4581,64,7.299999999999999
 小東家一骨香(电子科大店) ,3819,43,7.199999999999999
 安格丽娜·狗咖·猫咖羊驼咖(春熙路百盛商场店) ,4544,37,7.199999999999999
 生如夏花泰式火锅(龙湖西宸店) ,7723,120,7.199999999999999
 生如夏花泰式海鲜火锅(万象城店) ,8595,124,7.199999999999999
 禅泉冰粉(奎星楼店) ,4552,12,7.199999999999999
 眷蜀冰社·手工冰粉 ,4263,13,7.199999999999999
 老成都三样面(过街楼街店) ,3695,21,7.199999999999999
 邓记新一代糖油果子(四川煤管局供销公司职工宿舍店) ,3738,5,7.199999999999999
 大鸭梨烤鸭(仁和新城店) ,9462,124,7.199999999999999
 加饮PlusIn咖啡(太古里店) ,3697,24,7.199999999999999
 蓉荣·北大铺盖面(总店) ,4356,17,7.199999999999999
 海底捞火锅(阳光新业店) ,9623,123,7.199999999999999
 谦和清心素食(交大店) ,4026,22,7.199999999999999
 SEWING MACHINE ,3884,20,7.199999999999999
 蜀大侠火锅(中坝店) ,6060,96,7.1
 烤匠麻辣烤鱼(来福士店) ,6493,95,7.1
 烤匠麻辣烤鱼(龙湖滨江店) ,5976,95,7.1
 鮨秀吉日式料理(新都店) ,5760,94,7.1
 蜀大侠火锅(建设路第五大道店) ,6143,101,7.1
 小龙坎火锅(盐市口店) ,6304,97,7.1
 红辣椒·川菜·火锅(科华路店) ,5902,99,7.1
 巴蜀大将火锅(IFS店) ,6300,95,7.1
 海底捞火锅(金牛凯德店) ,5631,99,7.1
 凉山好汉自助西昌烧烤(西门店) ,4832,76,7.0
 马路边边串串香(339店) ,4909,81,7.0
 牛签签串串香(IFS店) ,4937,79,7.0
 凉山好汉自助西昌烧烤(科华店) ,5446,77,7.0
 海椒市串串香(茶店子店) ,5314,81,7.0
 吃城都·鱼蛙火锅(西玉龙街店) ,5374,78,7.0
 花吃嘴儿麻辣烫 ,5455,75,7.0
 味之绝美蛙鱼火锅(建设路店) ,4969,75,7.0
 重庆矮板凳老火锅(犀浦店) ,5277,81,7.0
 唐宫·粤菜海鲜(高新仁和新城店) ,7538,173,6.8999999999999995
 锦城印象火锅(彩虹店) ,8423,153,6.8999999999999995
 园里火锅(府城大道店) ,7874,165,6.8999999999999995
 都氏二当家(ifs旗舰店) ,8963,156,6.8999999999999995
 皇城老妈(皇城店) ,8216,184,6.8999999999999995
 龙森园火锅(琴台路店) ,9168,193,6.8999999999999995
 都氏二当家(仁和新城店) ,7450,148,6.8999999999999995
 唐宫·粤菜海鲜(人民南路店) ,8234,174,6.8999999999999995
 花醉·川小馆(成华公园店) ,4412,49,6.899999999999999
 厘途·LittleTravel(猛追湾店) ,4109,47,6.899999999999999
 宝炙星BURGER AUSTINE(桐梓林店) ,4369,61,6.899999999999999
 霸王虾·小龙虾江湖川菜(太古里店) ,6776,112,6.8
 蚝英雄·自助烤蚝(太古里店) ,5880,112,6.8
 大院河·仙鱼莊(九眼桥店) ,6300,105,6.8
 蜀九香火锅(百花iHome店) ,5895,115,6.8
 星鸿社重庆老火锅 ,6174,104,6.8
 芙蓉凰花园酒楼 ,6178,119,6.8
 隐家炭火烧鸟(太古里店) ,6110,111,6.8
 海底捞火锅(世豪广场店) ,6958,112,6.8
 大院河·仙鱼莊(琉璃旗舰店) ,6055,119,6.8
 海底捞火锅(龙湖三千集店) ,5994,113,6.8
 鳗满·活烤鳗鱼专门店(成都桐梓林店) ,6611,104,6.8
 比萨先生PIZZAMAN ,5377,93,6.699999999999999
 李记称盘牛杂串串(广福店) ,4570,87,6.699999999999999
 烤匠麻辣烤鱼(伊藤店) ,4569,88,6.699999999999999
 無早小食 ,5069,86,6.699999999999999
 大龙燚火锅(花牌坊店) ,4780,91,6.699999999999999
 花胶仔·海鲜荟(春熙路店) ,4639,88,6.699999999999999
 龙户人家串串香(外双楠店) ,5295,87,6.699999999999999
 烤匠麻辣烤鱼(in99银泰店) ,5487,92,6.699999999999999
 岘港·越南料理(悠方店) ,5015,88,6.699999999999999
 红杏酒家(锦城店) ,4952,86,6.699999999999999
 四千高原·云南菜(天府二街店) ,4792,85,6.699999999999999
 堂前燕·川菜 ,3744,65,6.6
 成都瓜串串(总店) ,3815,66,6.6
 老龙亭拉面店 ,4258,65,6.6
 土灶人家·柴火鸡(都江堰店) ,3794,66,6.6
 画厨CAFE(西宸天街店) ,3835,71,6.6
 匠和风精致料理(悠方店) ,7721,287,6.6
 将军府壹号·鸡毛店(紫荆店) ,3615,68,6.6
 画厨CAFE(九方店) ,4064,64,6.6
 玥轩YUE HIN(IFS国际金融中心店) ,7717,303,6.6
 杨师傅糖油果子(吉祥街店) ,3062,5,6.5
 生如夏花泰式火锅(鹭洲里店) ,7049,121,6.5
 去茶山(太古里手艺店) ,2950,27,6.5
 不站·花胶鸡(桐梓林店) ,6820,141,6.5
 闻酥园(大慈寺店) ,3243,24,6.5
 醒食 RAND(成都太古里店) ,3288,35,6.5
 泰香米泰国餐厅(环球中心店) ,6166,133,6.5
 聚悉地餐馆素食自助餐 ,3055,24,6.5
 酥香门弟锅盔凉粉(耿家巷店) ,3471,10,6.5
 攀枝花·任德琼·盐边羊肉米线 ,3184,23,6.5
 去茶山(太古里手艺店) ,2950,27,6.5
 蜀锦嬉自助餐厅(成都首座万豪酒店) ,5788,123,6.5
 大鸭梨烤鸭(天荟·万科广场店) ,6509,132,6.5
 常识咖啡common sense(春熙路店) ,3170,26,6.5
 三浮冰事·舒芙蕾(较场坝店) ,3424,37,6.5
 小紅袍龙虾馆(桐梓林店) ,5668,120,6.5
 组织向南 ,5105,98,6.3999999999999995
 猫抓烤肉(凯德广场店) ,4588,98,6.3999999999999995
 正禾鲜·潮汕牛肉火锅(仁和新城店) ,5007,100,6.3999999999999995
 蜀大侠火锅(动物园概念店) ,5312,94,6.3999999999999995
 豪虾传·龙虾馆&烤鱼(春熙路太古里总店) ,5579,103,6.3999999999999995
 三国义府火锅(武侯祠总店) ,5457,99,6.3999999999999995
 老街小牛·坨坨牛肉串串(清江东路店) ,4284,81,6.299999999999999
 南山木槿韩国料理·烤肉(芳草街店) ,4215,83,6.299999999999999
 酒本日式烧肉专门店(静安路店) ,4459,83,6.299999999999999
 钢管厂五区小郡肝串串香(太古里店) ,3333,58,6.199999999999999
 朴田泰式火锅(中粮鸿云悦街店) ,6220,147,6.199999999999999
 兰香村土菜馆 ,3372,54,6.199999999999999
 山下人家·土砂锅腊排馆(青城山店) ,2983,62,6.199999999999999
 歆瑞源油卤串串(海椒市店) ,2972,57,6.199999999999999
 锦城印象火锅(玉林店) ,6524,147,6.199999999999999
 Lian尚莲越泰料理(太古里店) ,5867,215,6.199999999999999
 甦杏鸡毛店(天府长城店) ,3581,60,6.199999999999999
 蜀串香厕所串串总店 ,3072,56,6.199999999999999
 邓氏兔头 ,3148,46,6.199999999999999
 花水湾红太阳牛肉汤锅(温泉正街店) ,3227,49,6.199999999999999
 双流冯记老妈兔头·江湖菜(青石桥总店) ,3544,61,6.199999999999999
 园里火锅(天府三街店) ,6965,159,6.199999999999999
 竹涟烧肉(光环店) ,5026,119,6.1
 蜀九香火锅(玉林店) ,5459,119,6.1
 爱妻牛排火锅(川音店) ,5156,114,6.1
 海底捞火锅(成都大悦城店) ,4966,116,6.1
 La Terre乐田(仁和新城店) ,4984,105,6.1
 生如夏花泰式海鲜火锅(龙湖滨江天街店) ,4613,119,6.1
 苏坦土耳其西餐厅(玉林店) ,5411,116,6.1
 樂猪烤肉(成都合生汇店) ,4752,115,6.1
 乔一乔怪味餐厅(世纪城店) ,4108,89,5.999999999999999
 麻辣空间·清油火锅(万科魅力店) ,4175,88,5.999999999999999
 LYFATTI 莱芙缇(一品天下店) ,3754,93,5.999999999999999
 大院河·仙鱼莊(羊犀店) ,3962,90,5.999999999999999
 花图缘烤肉(泛悦国际店) ,4011,93,5.999999999999999
 巴蜀大宅门火锅(新华公园店) ,4177,89,5.999999999999999
 万重锦·人文川菜馆(骡马市店) ,3186,72,5.9
 蓉和妈妈菜·巴山蜀水(双流锦镇店) ,3104,68,5.9
 满山盘盘烤肉(文星总店) ,3261,72,5.9
 鑫记婆婆兔·成都特产·兔头手撕兔(太古里店) ,3558,67,5.9
 御厨阁·泉水蒸汽石锅鱼(总店) ,3063,70,5.9
 味之绝美蛙鱼火锅(耍都店) ,3201,68,5.9
 匠和风精致料理(龙湖滨江天街店) ,5935,295,5.8999999999999995
 翠园(成都太古里店) ,7059,333,5.8999999999999995
 茶百道(太古里店) ,2408,16,5.8
 书芙蓉舒食小火锅(银泰城店) ,2741,38,5.8
 WHEAT&BAKER-麥(凯德来福士店) ,2807,42,5.8
 周记PASTRY新中式糕點(海椒市街店) ,2947,22,5.8
 半边面馆(春熙路店) ,2431,15,5.8
 短笛Piccolo Coffee(宽窄巷子店) ,2456,42,5.8
 厘途·LittleTravel(宽窄店) ,2488,44,5.8
 朱大嘴肥肠豆汤(福字街店) ,2398,41,5.8
 转转会(会展店) ,5072,127,5.799999999999999
 BURANO布拉诺西餐(环球中心店) ,4830,127,5.799999999999999
 夹夹大·蟹蟹大排档(财富又一城店) ,4318,95,5.699999999999999
 柴头哥·牛肉火锅(爱民路店) ,4467,97,5.699999999999999
 FOOOO light 孚乐里·轻(锦城万达广场店) ,4458,95,5.699999999999999
 晓靖轩烧烤(沙河风情店) ,3986,99,5.699999999999999
 卤校长重庆火锅(银泰城店) ,3999,103,5.699999999999999
 椒香城门口老火锅(中航店) ,4377,96,5.699999999999999
 祥侬国鸡宴?青城樂道苑 ,4311,98,5.699999999999999
 小龙坎火锅(新中兴店) ,4300,95,5.699999999999999
 蜀镇老火锅(双楠直营店) ,4097,96,5.699999999999999
 HYGGE Life·来福 ,4277,96,5.699999999999999
 喳哇牛油串串(春熙路总店) ,3436,75,5.6
 宋家黄辣丁砂锅血旺肥肠(新津店) ,3502,78,5.6
 COMMUNE幻师(城南优品道店) ,2956,78,5.6
 一叶一世界藏茶素火锅(华阳店) ,3469,80,5.6
 重庆三甲火锅 ,3138,79,5.6
 仁和小院西昌火盆烧烤(时光里店) ,2998,78,5.6
 富贵老火锅(万象城店) ,2989,77,5.6
 饭团匠·料理小食堂(镋钯街店) ,3065,74,5.6
 韩国味亲烤肉(石油大学店) ,2404,53,5.5
 鹅毛店(郫都店) ,2778,57,5.5
 鸡毛店·川菜(沙湾店) ,2647,62,5.5
 山城外·非遗酸菜鱼(春熙路群光广场店) ,2354,50,5.5
 锅盖烤肉(大源店) ,2591,63,5.5
 藕王之家养生汤(温江直营店) ,2550,57,5.5
 壹小馆.皇城老妈(成都太古里店) ,4771,153,5.499999999999999
 Muben末本意大利餐厅·臻选(大悦城店) ,4591,166,5.499999999999999
 inns·隐是 餐吧 ,5166,194,5.499999999999999
 不站·花胶鸡(优品道店) ,5378,148,5.499999999999999
 金牌泰香米(成都银泰中心店) ,5067,157,5.499999999999999
 凛火烧鸟酒场(高新店) ,4649,142,5.499999999999999
 都氏二当家(翡翠城店) ,5447,142,5.499999999999999
 沸腾码头生态公园火锅 ,3595,119,5.3999999999999995
 TAVIE LAND塔未 ,4178,104,5.3999999999999995
 拾谷西餐(天府三街店) ,4060,110,5.3999999999999995
 三岔口·烤肉(建设路店) ,3630,108,5.3999999999999995
 首尔朴宝·炭火烤肉(金沙店) ,4323,106,5.3999999999999995
 卞氏菜根香(天府三街店) ,3347,92,5.3
 饭团匠·料理小食堂(总店) ,2985,86,5.3
 简单味道(华阳店) ,3147,91,5.3
 昊·来了寿司(双楠一店) ,3565,90,5.3
 昊·来了寿司(双楠2店) ,3478,87,5.3
 名善山珍·野生菌汤锅(文殊院店) ,2968,93,5.3
 潮森源汕头鲜牛肉火锅店(爱民路店) ,2845,66,5.199999999999999
 一善·菌飧云南菌子火锅(银泰城店) ,2319,71,5.199999999999999
 李氏豆花庄(青城山店) ,2911,69,5.199999999999999
 青三椒怪味鱼(高升桥店) ,2633,64,5.199999999999999
 赞酱川式烤肉(吾悦广场直营店) ,2902,72,5.199999999999999
 宴御海鲜姿造(桐梓林店) ,4795,413,5.199999999999999
 富力丽思卡尔顿酒店·丽轩中餐厅 ,4711,355,5.199999999999999
 夏威夷 ·全球海鲜姿造(高新店) ,5330,363,5.199999999999999
 锦城印象火锅(高新天府长城店) ,3658,132,5.1
 额尔敦传统涮·烧烤(解放路店) ,4046,122,5.1
 白老板的嘿店 ,2049,44,5.1
 岚山·炭火烤肉料理(世纪城店) ,3795,137,5.1
 悦百味·品质川菜(UPARK公园店) ,4376,138,5.1
 面包谷Grains n'Beans(桐梓林店) ,2274,35,5.1
 香味面(祥和里店) ,1861,16,5.1
 陈记爷爷婆婆蛋烘糕(还玉苑店) ,2111,10,5.1
 锦城印象火锅(高新德商国际店) ,4511,140,5.1
 竹涟烧肉(西宸天街店) ,3828,127,5.1
 FUSION COFFEE馥饮咖啡(九眼桥店) ,1969,35,5.1
 Pause Coffee Express(太古里店) ,1816,23,5.1
 岚山·炭火烤肉料理(世纪城店) ,3795,137,5.1
 不二·民谣音乐餐酒吧(九眼桥店) ,4369,136,5.1
 萨芭蒂高空花园餐酒吧 ,4041,133,5.1
 胡桃里音乐餐酒馆·新派宴会·年会团建·派对场地租赁(文殊坊店) ,3846,121,5.1
 木屋烧烤(少陵路店) ,3266,98,5.0
 藏炭烧肉屋(建设路店) ,3286,100,5.0
 多恩餐厅 Dawn Bistro ,3096,95,5.0
 RawHeart Brunch&Bistro(太古里店) ,3147,99,5.0
 唯成?韩国炭火烤肉 ???? ,3386,98,5.0
 泰喜欢·清迈餐厅(桐梓林店) ,3412,103,5.0
 苏帮主三样菜·江湖川菜(双楠店) ,2495,77,4.9
 COMMUNE幻师(电视塔店) ,2549,81,4.9
 上野樱花·精致料理·烧鸟·寿喜烧(蜀汉路店) ,2940,76,4.9
 饭团匠·料理小食堂(玉林店) ,2927,78,4.9
 小融合1862(大丰店) ,2797,80,4.9
 WaKao瓦烤·宜宾烧烤(天府长城店) ,2294,78,4.9
 匠油师傅·川味小馆(宽窄巷子店) ,2677,78,4.9
 和幸(双楠伊藤洋华堂店) ,2314,77,4.9
 红墙记忆·川味小馆 ,2526,78,4.9
 Let's WaKao瓦烤(华宇广场店) ,2559,74,4.9
 老地方跷脚牛肉牛王府(蜀汉路总店) ,1968,47,4.799999999999999
 脍脍料理(祥和里店) ,4034,193,4.799999999999999
 李歪歪纸包鱼(天府新区店) ,1820,54,4.799999999999999
 不站·花胶鸡(攀成钢店) ,4065,155,4.799999999999999
 银杏金阁(锦里店) ,4527,155,4.799999999999999
 乐山食古香跷脚牛肉 ,1817,55,4.799999999999999
 新疆艾力达达美味(马新路店) ,1731,60,4.799999999999999
 素斋(香园店) ,2048,63,4.799999999999999
 城墙边私房菜(宝瓶巷店) ,1782,60,4.799999999999999
 南堂馆·新川菜(春熙路店) ,4286,188,4.799999999999999
 杨三孃跷脚牛肉(橡树林店) ,1768,46,4.799999999999999
 吴三孃河坝卤菜总店 ,1897,51,4.799999999999999
 享月·汤皇(橡树林店) ,3864,157,4.799999999999999
 园里火锅(东郊记忆店) ,4547,158,4.799999999999999
 成都瑞吉酒店·秀餐厅 ,4183,164,4.799999999999999
 藏炭烧肉屋(天荟·万科广场店) ,3388,115,4.7
 海底捞火锅(凯德天府店) ,3057,113,4.7
 蜀九香火锅(九眼桥店) ,3509,107,4.7
 里院传家菜·小庭院川菜(九眼桥店) ,3279,117,4.7
 海底捞火锅(王府井店) ,3173,115,4.7
 竹涟烧肉(天府和悦店) ,3299,113,4.7
 南山木槿韩国料理·烤肉(蜀汉路店) ,2868,90,4.6
 徐记君味老火锅(双林中横路总店) ,2729,88,4.6
 蜀镇老火锅(龙腾店) ,2404,93,4.6
 昊·来了寿司(西村店) ,2318,85,4.6
 老船舫·现做鲜鱼馆(李家沱总店) ,2310,90,4.6
 DaHuo龘伙·烧烤专门店(桐梓林店) ,2886,93,4.6
 而绘花园·Bistro & Café (王府井店) ,2834,88,4.6
 龙山烧肉(紫荆店) ,2908,89,4.6
 蜀镇老火锅(龙腾店) ,2404,93,4.6
 鹅煮管·火宫私家食府(总店) ,2919,90,4.6
 百姓百味民间拿手川菜(锦门店) ,1817,69,4.5
 金楼阁茶室(科华店) ,2015,65,4.5
 春耕野菜馆(华阳店) ,1894,67,4.5
 川江滋香老火锅(光明街店) ,2022,69,4.5
 味之绝美蛙鱼头(温江店) ,2269,68,4.5
 永盈福喜·广州味道(春熙店) ,1851,70,4.5
 道家秘制酸汤鱼(青城山总店) ,2249,67,4.5
 碳楽·满腹和牛烧肉店(保利中心店) ,4299,254,4.499999999999999
 8号火锅中餐厅(成都群光君悦酒店) ,3892,424,4.499999999999999
 Tivano意大利餐厅(笔帖式街店) ,3765,522,4.499999999999999
 廊桥THE BRIDGE ,4078,705,4.499999999999999
 武士的牛·纯血和牛烧肉(双楠店) ,4182,450,4.499999999999999
 雷堂豆花甜品(华润二十四城店) ,1274,21,4.4
 黄哥江油肥肠·川菜(较场坝店) ,1714,44,4.4
 宽来火锅(南站公园店) ,3122,139,4.4
 Kion暖暖面包屋(高新店) ,1277,29,4.4
 YECLIP COFFEE 黄色回形针咖啡 ,1700,37,4.4
 集渔·泰式海鲜火锅(龙泉吾悦广场店) ,3412,125,4.4
 转转会(莲桂店) ,2989,123,4.4
 晏记石锅苗苗鱼·老字号(三道堰总店) ,1451,43,4.4
 汪柴喵·猫咖狗咖·奶狗奶猫·阿拉斯加·缅因·桌游剧本杀(太古里IFS春熙路店) ,1582,42,4.4
 锦城印象火锅(高新天府三街店) ,3077,134,4.4
 谦和清心素食(五大花园店) ,1273,22,4.4
 柴嘞个柴·狗咖·猫咖 ,1155,43,4.4
 柠檬花园·泰餐厅(三圣乡店) ,3264,125,4.4
 树下zakka ,1577,38,4.4
 陶记蛋烘糕·冰粉(武侯祠总店) ,1594,9,4.4
 Panda Queen(成都店) ,1638,34,4.4
 TOAST HOUSE吐司房子(摩方店) ,1260,30,4.4
 御苑精品川菜馆(锦江店) ,2457,98,4.3
 谷焱大牛烧肉(草市街店) ,2787,102,4.3
 渣女老火锅(总店) ,2750,101,4.3
 一个勺子新疆锡伯主题私房菜(红墙巷49号院店) ,2348,94,4.3
 焱味·邱金(科华路店) ,2809,101,4.3
 四方火锅招待所(益州大道店) ,2375,95,4.3
 百姓百味民间拿手川菜(华阳店) ,1800,81,4.199999999999999
 COMMUNE幻师(川大店) ,2277,75,4.199999999999999
 kurokii黑酒(科华北路店) ,1354,48,4.1
 凛火炭火烧鸟酒场(桐梓林店) ,3590,216,4.1
 FIELDS AVANT 十域·臻选(悠方店) ,3587,197,4.1
 禅悦素食 ,3551,173,4.1
 壹代·韩式炭火烤肉(空港店) ,1193,61,4.1
 白孚孚by一行蛋糕铺 ,1389,53,4.1
 蜀九香火锅(新会展Art店) ,3045,164,4.1
 会飞的鸡Flyingchicken(成华店) ,1671,49,4.1
 23 TWENTY THREE EATERY ,1260,53,4.1
 成都茂业JW万豪酒店·万豪中餐厅 ,3508,189,4.1
 悦百味·品质川菜(滨江店) ,2454,107,4.0
 拈一筷子·宜宾江湖菜(总店) ,2344,110,4.0
 张七贵的芋儿肥肠鸡(三瓦窑长乐佳苑店) ,2290,86,3.8999999999999995
 彼德西餐厅(桐梓林东路店) ,2148,93,3.8999999999999995
 斗牛潮汕牛肉火锅(华阳直营店) ,1947,92,3.8999999999999995
 斗牛潮汕牛肉火锅(宽窄巷子店) ,2044,88,3.8999999999999995
 舒艾Chouette·生日蛋糕·甜品下午茶(太古里店) ,1957,92,3.8999999999999995
 舌尖牧牛·潮汕牛肉(凯德广场店) ,1953,86,3.8999999999999995
 良木缘咖啡西餐(高新九方店) ,2233,92,3.8999999999999995
 昊·来了寿司(华府大道店) ,1736,84,3.8999999999999995
 清真·牛不比火锅(建设路店) ,2227,88,3.8999999999999995
 谧寻茶室·素食(博舍酒店) ,3088,244,3.8
 火焰山西昌火盆烧烤(双流总店) ,1597,73,3.8
 独食火锅·半米屋台(广都店) ,1598,70,3.8
 黑石香村柴火鸡 ,1566,69,3.8
 岷山饭店·THE RIVER HOUSE西餐厅 ,3371,638,3.8
 成都宴(桐梓林店) ,2981,1000,3.8
 三山两田新疆菜(天荟·万科广场店) ,1487,70,3.8
 醉月城西昌火盆烧烤(四川总店) ,1476,69,3.8
 麓轩·Luxexuan(麓湖店) ,3208,319,3.8
 NOMNOM 东南亚餐·西餐 ,1602,65,3.8
 许家菜(望江店) ,3528,458,3.8
 泰合素食(双流店) ,1057,21,3.7
 Secret Coffee JAY音乐主题店(悦熙广场店) ,470,30,3.7
 桂花田园休闲庄 ,168,38,3.7
 堂玉春娇(龙湖店) ,514,26,3.7
 陈记小凤鲜芋儿鸡(大丰店) ,612,42,3.7
 GOODSAUCE CAFE(滨江路店) ,773,41,3.7
 LA LIBERTE自由烘焙·咖啡 ,756,29,3.7
 拾间恰好巷口串串 ,997,37,3.7
 BURANO布拉诺西餐(武侯大悦城店) ,2413,120,3.6999999999999997
 铁猪美式烤肉(桐梓林店) ,2872,120,3.6999999999999997
 BURANO布拉诺西餐(春熙路群光广场店) ,2710,121,3.6999999999999997
 九田家黑牛烤肉料理(航港路店) ,2826,125,3.6999999999999997
 千寿精致料理·寿喜烧(王府井店) ,2566,125,3.6999999999999997
 BURANO布拉诺西餐(滨江天街店) ,2722,126,3.6999999999999997
 周丹丹原味烧烤(峰度天下店) ,2854,131,3.6999999999999997
 巷巷火锅 ,2229,95,3.5999999999999996
 BURANO布拉诺西餐(金牛凯德店) ,1972,95,3.5999999999999996
 真鑫·硬派烧烤·烤羊腿(蜀都万达总店) ,2122,97,3.5999999999999996
 中介食所云南烧烤(玉林店) ,1849,97,3.5999999999999996
 西昌老号李小肠特色烧烤园直营店(清水河店) ,1913,97,3.5999999999999996
 茉柑橘MOLLY&CLEMENTINE(宽窄巷子店) ,1647,83,3.5
 独食火锅·半米屋台(直营总店) ,1140,76,3.5
 顺江味道 ,1338,80,3.5
 王婆荞鲜鱼自助火锅(蜀汉路店) ,1449,78,3.5
 山海烧肉(铁像寺路店) ,2732,198,3.4
 私串居酒屋(大世界商业广场店) ,2365,155,3.4
 莲·中餐厅(成都首座万豪酒店) ,2401,198,3.4
 浅喜火锅(中环岛广场C座店) ,2667,179,3.4
 将个烂就麻辣烫 ,787,61,3.3999999999999995
 OrangeTree甜橙树 ,640,52,3.3999999999999995
 猪事顺利猪咖狗咖 ,897,55,3.3999999999999995
 花雕醉鸡(电子科大店) ,683,50,3.3999999999999995
 自贡扛霸子鲜锅兔(温江店) ,786,56,3.3999999999999995
 锦味鲜·六样菜 ,1073,58,3.3999999999999995
 千香引铁盘烤肉(贝新巷店) ,406,53,3.3999999999999995
 孙記碳火烤羊腿(成都首店) ,2095,116,3.3
 牛牛和牛寿喜锅·和牛自助火锅(银泰城1.0店) ,1923,117,3.3
 吾福食肆烧肉酒场(双楠店) ,1735,107,3.3
 良木缘咖啡西餐(天府三街店) ,2117,109,3.3
 夜食乐山·江湖菜(牛市口直营店) ,1699,90,3.1999999999999997
 野营烤肉韩国料理OUTDOOR BBQ(总店) ,1565,88,3.1999999999999997
 刘大姐黄辣丁老字号(新津店) ,1432,85,3.1999999999999997
 彼德西餐厅(悠方店) ,1260,91,3.1999999999999997
 川西火焰山西昌火盆烧烤(郫县店) ,1242,86,3.1999999999999997
 全渔村小排档(祥和里店) ,1684,86,3.1999999999999997
 闲亭(峨影店) ,2869,242,3.0999999999999996
 蜀西火焰山西昌火盆烧烤(芽庄花园店) ,538,66,3.0999999999999996
 香菇秦肥肠(新华社区店) ,529,67,3.0999999999999996
 南荟里(锦华万达店) ,2810,360,3.0999999999999996
 ZHAO赵·牛扒坊(万科天荟店) ,2479,336,3.0999999999999996
 焖烤大叔·烧烤羊肉串 ,435,70,3.0999999999999996
 希尔顿嘉悦里?TC CAFE 御蓉高空餐厅 ,2414,239,3.0999999999999996
 西昌火盆炭烤香猪(总店) ,794,69,3.0999999999999996
 德门荟(太古里店) ,2350,308,3.0999999999999996
 凯菲厅·全日海鲜牛排自助餐厅(成都群光君悦酒店店) ,2947,248,3.0999999999999996
 熔岩·东南亚料理 ,1869,141,2.9999999999999996
 首泊.SoBomb Restaurant&Bar(花牌坊店) ,1901,123,2.9999999999999996
 FATIM花甜生活·生日蛋糕 ,2236,140,2.9999999999999996
 Kevin's Laboratory(电子科大店) ,1204,96,2.9
 拂晓山房·私房川菜(高新红唐店) ,1624,103,2.9
 大象厨房(圣桦城店) ,1631,103,2.9
 良木缘·九栖(翡翠店) ,1663,101,2.9
 长颈鹿Giraffe ,678,76,2.8
 牛宝贝养生黄牛肉(武侯立交桥店) ,655,78,2.8
 天丼王·和食料理(太古里店) ,1008,75,2.8
 中介食所云南烧烤(猛追湾店) ,920,83,2.8
 慢作WORKTOP(丽都路店) ,1798,153,2.6999999999999997
 南贝(兴隆湖店) ,1871,168,2.6999999999999997
 云门·兰亭(太古里店) ,2192,188,2.6999999999999997
 Janvier一月 ,1935,156,2.6999999999999997
 瓦库36号(东郊记忆万科天荟店) ,2176,203,2.6999999999999997
 享月·汤皇(UPARK公园店) ,2145,151,2.6999999999999997
 古巴热浪城堡·特色川菜&红酒馆 ,1926,228,2.6999999999999997
 辛厨房 ,1956,180,2.6999999999999997
 九品风山珍宝酒楼(科华中路店) ,2293,170,2.6999999999999997
 鳗七七家庭式鳗鱼料理(水井坊店) ,1873,188,2.6999999999999997
 渺秒海鲜大排档(双楠广福店) ,1288,110,2.5999999999999996
 南门精酿·西餐吧(桐梓林店) ,1238,118,2.5999999999999996
 玉垒阁 ,299,87,2.5
 清泰园庭院火锅 ,840,90,2.5
 TwoFat汁味烧烤 ,844,93,2.5
 Silver pot·银锅现代川菜(悠方店) ,1918,777,2.3999999999999995
 DF艺术餐厅 ,1953,275,2.3999999999999995
 仁和春天酒店·春天庭餐厅 ,2013,272,2.3999999999999995
 北海海鲜料理(桐梓林店) ,1751,299,2.3999999999999995
 鮨·天和 Omakase(桐梓林店) ,1846,687,2.3999999999999995
 银芭1986(麓镇店) ,2037,366,2.3999999999999995
 银芭·工作室 ,1911,321,2.3999999999999995
 IF艺术美学餐厅(太古里店) ,1975,274,2.3999999999999995
 子非(宽窄巷子店) ,2181,880,2.3999999999999995
 S+steak house炭烤熟成牛排馆(保利店) ,2277,312,2.3999999999999995
 华道钰善阁 ,2253,342,2.3999999999999995
 清沐·美学概念私房餐厅(太古里店) ,2160,239,2.3999999999999995
 不二山房 ,1413,120,2.3
 蜜桃家甜点生日蛋糕(世纪城店) ,1596,139,2.3
 遇见里烘焙·生日蛋糕(高新店) ,1464,123,2.3
 协信中心-希尔顿厨艺西餐厅 ,1631,124,2.3
 醀爐围炉火锅(茂业仁和春天店) ,1452,122,2.3
 匠作羊虾·一家吃好龙虾的店(万象润街店) ,1234,134,2.3
 竹海听涛生态山庄 ,748,96,2.2
 云荟·Serendipity高空餐厅 ,1225,228,2.0
 日光浮酥(双楠店) ,1493,146,2.0
 蓝榭餐厅 LAN XIE(花园城店) ,1246,175,2.0
 不二隐庐·商务包间·婚礼(三圣乡店) ,1664,207,2.0
 瓦库21(铁像寺水街店) ,1501,205,2.0
 興隆悦烤鸭(金牛区艺术城店) ,1603,146,2.0
 Molee·泰府(东郊店) ,1514,148,2.0
 YUMWONG彦火蛋糕 ,1279,213,2.0
 BLUE HILL蓝色山丘 ,1724,157,2.0
 薛涛院子里·中餐茶艺(三圣乡店) ,1537,216,2.0
 随和玉厨·私房川菜(天府三街店) ,1260,227,2.0
 半甜CAKE定制烘焙(高新店) ,498,110,1.9
 刘仟万私房菜 ,1090,115,1.9
 B·HOUSE亲子烤肉自助餐厅·生日宴·围炉煮茶(三圣乡店) ,697,118,1.9
 漫度时光餐厅·宝宝宴·婚礼·求婚·生日·团建会议(三圣乡店) ,783,115,1.9
 DearCake 黛点心(花牌坊店) ,950,105,1.9
 渺秒海鲜大排档(金沙同盛店) ,1012,118,1.9
 S Kitchen偲厨 ,1495,664,1.7
 老房子华粹元年花园餐厅(天府三街店) ,1462,305,1.7
 漾·19Club ,1567,400,1.7
 茹丝葵经典牛排馆(成都IFS店) ,1272,736,1.7
 漾亚·雍雅合鲜(桐梓林店) ,1467,500,1.7
 黑天鹅蛋糕 · 下午茶(新希望店) ,1708,546,1.7
 芳香景 ,1229,838,1.7
 柴门鱼鲜馆(航空路店) ,1154,380,1.7
 羿庭·大堂吧(华尔道夫酒店) ,1493,319,1.7
 8695Cake 蛋糕(成都店) ,387,130,1.5999999999999999
 无肉不欢 ,244,132,1.5999999999999999
 炙木烤肉·酒(桐梓林店) ,754,129,1.5999999999999999
 蜜桃家甜点生日蛋糕(双楠店) ,643,136,1.5999999999999999
 悦哉·派对·草坪婚礼·围炉煮茶(三圣乡店) ,1097,120,1.5999999999999999
 我的四季意大利餐厅(春天百货店) ,631,129,1.5999999999999999
 麓山安珀酒店-麓咖啡西餐厅 ,409,199,1.2999999999999998
 仲夏龙蒿·花园西餐厅·清水河公园店 ,15,149,1.2999999999999998
 杰森小馆(宽窄巷子店) ,739,177,1.2999999999999998
 梨巴家PearBa·定制生日蛋糕 ,330,157,1.2999999999999998
 Vito’s Thai Restaurant ,811,151,1.2999999999999998
 八百雲日料(红星路店) ,837,162,1.2999999999999998
 熟地当归(新南门店) ,766,216,1.2999999999999998
 Haru·Bistro 餐酒馆(桐梓林店) ,526,152,1.2999999999999998
 南汇57 ,846,265,1.0
 解香·浣花(杜甫草堂店) ,1020,436,1.0
 丑二哥私厨(太古里店) ,1029,298,1.0
 遇见你·创意私房菜(桐梓林店) ,466,302,1.0
 牛房Beefun餐酒馆 ,879,408,1.0
 翠玲珑CUI(万象南路店) ,915,698,1.0
 松云泽 ,921,1022,1.0
 casamosaico卡萨马可意大利餐厅 ,479,230,1.0
 盧匠日料 ,689,665,1.0
 鱼桥巷·美学川菜 ,794,434,1.0
 辛厨房·辛悦 ,705,300,1.0
 浮光之丘MontCake蛋糕(花牌坊店) ,624,232,1.0
 禅边小院·私房菜 ,482,468,1.0
 云门锦翠(商鼎国际店) ,876,615,1.0
 玉锦花娇·新派川菜(339店) ,555,344,1.0
 派立方聚会馆PARTY CUBE(高新招商花园城店) ,966,289,1.0
 ALICE梦幻甜点屋(仁和新城店) ,674,450,1.0
 蜗牛翻糖定制蛋糕SnailCake(宽窄巷子店) ,479,613,1.0
 隐庐·古法川菜(高新店) ,1085,391,1.0
